payment_key,customer_key,rental_key,amount,payment_date
1,1,76,2.99,"2005-05-25 11:30:37"
2,1,573,0.99,"2005-05-28 10:35:23"
3,1,1185,5.99,"2005-06-15 00:54:12"
4,1,1422,0.99,"2005-06-15 18:02:53"
5,1,1476,9.99,"2005-06-15 21:08:46"
6,1,1725,4.99,"2005-06-16 15:18:57"
7,1,2308,4.99,"2005-06-18 08:41:48"
8,1,2363,0.99,"2005-06-18 13:33:59"
9,1,3284,3.99,"2005-06-21 06:24:45"
10,1,4526,5.99,"2005-07-08 03:17:05"
11,1,4611,5.99,"2005-07-08 07:33:56"
12,1,5244,4.99,"2005-07-09 13:24:07"
13,1,5326,4.99,"2005-07-09 16:38:01"
14,1,6163,7.99,"2005-07-11 10:13:46"
15,1,7273,2.99,"2005-07-27 11:31:22"
16,1,7841,4.99,"2005-07-28 09:04:45"
17,1,8033,4.99,"2005-07-28 16:18:23"
18,1,8074,0.99,"2005-07-28 17:33:39"
19,1,8116,0.99,"2005-07-28 19:20:07"
20,1,8326,2.99,"2005-07-29 03:58:49"
21,1,9571,2.99,"2005-07-31 02:42:18"
22,1,10437,4.99,"2005-08-01 08:51:04"
23,1,11299,3.99,"2005-08-02 15:36:52"
24,1,11367,0.99,"2005-08-02 18:01:38"
25,1,11824,4.99,"2005-08-17 12:37:54"
26,1,12250,0.99,"2005-08-18 03:57:29"
27,1,13068,0.99,"2005-08-19 09:55:16"
28,1,13176,2.99,"2005-08-19 13:56:54"
29,1,14762,0.99,"2005-08-21 23:33:57"
30,1,14825,1.99,"2005-08-22 01:27:57"
31,1,15298,2.99,"2005-08-22 19:41:37"
32,1,15315,5.99,"2005-08-22 20:03:46"
33,2,320,4.99,"2005-05-27 00:09:24"
34,2,2128,2.99,"2005-06-17 20:54:58"
35,2,5636,2.99,"2005-07-10 06:31:24"
36,2,5755,6.99,"2005-07-10 12:38:56"
37,2,7346,4.99,"2005-07-27 14:30:42"
38,2,7376,5.99,"2005-07-27 15:23:02"
39,2,7459,5.99,"2005-07-27 18:40:20"
40,2,8230,5.99,"2005-07-29 00:12:59"
41,2,8598,2.99,"2005-07-29 12:56:59"
42,2,8705,5.99,"2005-07-29 17:14:29"
43,2,9031,4.99,"2005-07-30 06:06:10"
44,2,9236,10.99,"2005-07-30 13:47:43"
45,2,9248,0.99,"2005-07-30 14:14:11"
46,2,9296,6.99,"2005-07-30 16:21:13"
47,2,9465,6.99,"2005-07-30 22:39:53"
48,2,10136,2.99,"2005-07-31 21:58:56"
49,2,10466,0.99,"2005-08-01 09:45:26"
50,2,10918,0.99,"2005-08-02 02:10:56"
51,2,11087,5.99,"2005-08-02 07:41:41"
52,2,11177,6.99,"2005-08-02 10:43:48"
53,2,11256,2.99,"2005-08-02 13:44:53"
54,2,11614,2.99,"2005-08-17 03:52:18"
55,2,12963,2.99,"2005-08-19 06:26:04"
56,2,14475,4.99,"2005-08-21 13:24:32"
57,2,14743,5.99,"2005-08-21 22:41:56"
58,2,15145,4.99,"2005-08-22 13:53:04"
59,2,15907,4.99,"2005-08-23 17:39:35"
60,3,435,1.99,"2005-05-27 17:17:09"
61,3,830,2.99,"2005-05-29 22:43:55"
62,3,1546,8.99,"2005-06-16 01:34:05"
63,3,1726,6.99,"2005-06-16 15:19:10"
64,3,1911,6.99,"2005-06-17 05:15:15"
65,3,2628,2.99,"2005-06-19 08:34:53"
66,3,4180,4.99,"2005-07-07 10:23:25"
67,3,4725,4.99,"2005-07-08 12:47:11"
68,3,7096,5.99,"2005-07-27 04:54:42"
69,3,7503,10.99,"2005-07-27 20:23:12"
70,3,7703,7.99,"2005-07-28 03:59:21"
71,3,7724,6.99,"2005-07-28 04:46:30"
72,3,7911,4.99,"2005-07-28 11:46:45"
73,3,8086,4.99,"2005-07-28 18:17:14"
74,3,8545,2.99,"2005-07-29 11:07:04"
75,3,9226,1.99,"2005-07-30 13:31:20"
76,3,9443,3.99,"2005-07-30 21:45:46"
77,3,9595,2.99,"2005-07-31 03:27:58"
78,3,9816,4.99,"2005-07-31 11:32:58"
79,3,10597,5.99,"2005-08-01 14:19:48"
80,3,12556,4.99,"2005-08-18 14:49:55"
81,3,13403,8.99,"2005-08-19 22:18:07"
82,3,13610,2.99,"2005-08-20 06:14:12"
83,3,14699,8.99,"2005-08-21 20:50:48"
84,3,15038,0.99,"2005-08-22 09:37:27"
85,3,15619,2.99,"2005-08-23 07:10:14"
86,4,1297,4.99,"2005-06-15 09:31:28"
87,4,1633,0.99,"2005-06-16 08:08:40"
88,4,1707,2.99,"2005-06-16 14:01:27"
89,4,1735,0.99,"2005-06-16 15:51:52"
90,4,2043,0.99,"2005-06-17 14:31:12"
91,4,2642,5.99,"2005-06-19 09:39:01"
92,4,7660,2.99,"2005-07-28 02:10:10"
93,4,7718,2.99,"2005-07-28 04:37:59"
94,4,8741,3.99,"2005-07-29 18:44:57"
95,4,9100,5.99,"2005-07-30 08:46:09"
96,4,9371,5.99,"2005-07-30 18:58:00"
97,4,11069,0.99,"2005-08-02 07:09:34"
98,4,11110,2.99,"2005-08-02 08:20:31"
99,4,11529,4.99,"2005-08-17 00:28:01"
100,4,12151,2.99,"2005-08-18 00:14:03"
101,4,12294,8.99,"2005-08-18 05:14:44"
102,4,12856,1.99,"2005-08-19 02:19:13"
103,4,13704,2.99,"2005-08-20 09:32:04"
104,4,13807,6.99,"2005-08-20 12:55:40"
105,4,14225,4.99,"2005-08-21 04:53:37"
106,4,15147,2.99,"2005-08-22 13:58:23"
107,4,15635,1.99,"2005-08-23 07:43:00"
108,5,731,0.99,"2005-05-29 07:25:16"
109,5,1085,6.99,"2005-05-31 11:15:43"
110,5,1142,1.99,"2005-05-31 19:46:38"
111,5,1502,3.99,"2005-06-15 22:03:14"
112,5,1631,2.99,"2005-06-16 08:01:02"
113,5,2063,4.99,"2005-06-17 15:56:53"
114,5,2570,2.99,"2005-06-19 04:20:13"
115,5,3126,4.99,"2005-06-20 18:38:22"
116,5,3677,4.99,"2005-07-06 09:11:58"
117,5,4889,2.99,"2005-07-08 20:04:43"
118,5,5016,4.99,"2005-07-09 01:57:57"
119,5,5118,5.99,"2005-07-09 07:13:52"
120,5,5156,1.99,"2005-07-09 08:51:42"
121,5,5721,0.99,"2005-07-10 11:09:35"
122,5,6042,8.99,"2005-07-11 03:17:04"
123,5,6663,3.99,"2005-07-12 11:27:35"
124,5,6685,4.99,"2005-07-12 12:16:28"
125,5,7293,0.99,"2005-07-27 12:37:28"
126,5,7652,0.99,"2005-07-28 01:50:29"
127,5,7829,3.99,"2005-07-28 08:43:39"
128,5,8263,2.99,"2005-07-29 01:11:23"
129,5,8978,1.99,"2005-07-30 04:14:28"
130,5,9493,4.99,"2005-07-30 23:52:30"
131,5,9888,3.99,"2005-07-31 14:00:53"
132,5,10609,4.99,"2005-08-01 14:48:45"
133,5,10625,0.99,"2005-08-01 15:27:10"
134,5,11001,4.99,"2005-08-02 04:56:45"
135,5,11179,4.99,"2005-08-02 10:50:06"
136,5,11930,3.99,"2005-08-17 16:28:53"
137,5,12145,9.99,"2005-08-18 00:10:04"
138,5,12797,2.99,"2005-08-19 00:24:08"
139,5,13063,1.99,"2005-08-19 09:45:41"
140,5,13877,0.99,"2005-08-20 15:16:18"
141,5,14053,6.99,"2005-08-20 22:13:59"
142,5,14430,6.99,"2005-08-21 11:31:11"
143,5,14494,2.99,"2005-08-21 14:02:50"
144,5,15232,0.99,"2005-08-22 17:37:02"
145,5,13209,0.99,"2006-02-14 15:16:03"
146,6,57,4.99,"2005-05-25 08:43:32"
147,6,577,2.99,"2005-05-28 11:09:14"
148,6,916,0.99,"2005-05-30 11:25:01"
149,6,1575,3.99,"2005-06-16 03:41:38"
150,6,1841,2.99,"2005-06-16 23:44:13"
151,6,1966,0.99,"2005-06-17 09:19:45"
152,6,2345,0.99,"2005-06-18 12:03:23"
153,6,3983,0.99,"2005-07-06 23:14:21"
154,6,4278,2.99,"2005-07-07 14:53:24"
155,6,5553,0.99,"2005-07-10 03:03:35"
156,6,6211,5.99,"2005-07-11 12:39:01"
157,6,6248,7.99,"2005-07-11 15:01:54"
158,6,6686,0.99,"2005-07-12 12:18:38"
159,6,7099,2.99,"2005-07-27 05:03:44"
160,6,7136,2.99,"2005-07-27 06:38:25"
161,6,8101,0.99,"2005-07-28 18:47:23"
162,6,10271,2.99,"2005-08-01 03:13:39"
163,6,11023,2.99,"2005-08-02 05:36:38"
164,6,11398,3.99,"2005-08-02 18:55:15"
165,6,11591,6.99,"2005-08-17 02:29:41"
166,6,11727,0.99,"2005-08-17 08:12:20"
167,6,11853,0.99,"2005-08-17 13:39:32"
168,6,12254,2.99,"2005-08-18 04:05:29"
169,6,13451,6.99,"2005-08-20 00:18:25"
170,6,14329,7.99,"2005-08-21 08:22:56"
171,6,14377,4.99,"2005-08-21 09:49:28"
172,6,15509,5.99,"2005-08-23 02:51:24"
173,6,15603,0.99,"2005-08-23 06:41:32"
174,7,46,5.99,"2005-05-25 06:04:08"
175,7,117,0.99,"2005-05-25 19:30:46"
176,7,748,2.99,"2005-05-29 09:27:00"
177,7,975,4.99,"2005-05-30 21:07:15"
178,7,1063,5.99,"2005-05-31 08:44:29"
179,7,1810,0.99,"2005-06-16 21:06:00"
180,7,2250,2.99,"2005-06-18 05:03:36"
181,7,2709,0.99,"2005-06-19 14:00:26"
182,7,2888,4.99,"2005-06-20 01:50:56"
183,7,3007,0.99,"2005-06-20 10:11:53"
184,7,3639,5.99,"2005-07-06 07:09:17"
185,7,4238,2.99,"2005-07-07 13:22:20"
186,7,4787,5.99,"2005-07-08 16:16:04"
187,7,4856,4.99,"2005-07-08 18:47:38"
188,7,5441,8.99,"2005-07-09 21:52:05"
189,7,5921,7.99,"2005-07-10 21:35:12"
190,7,6174,1.99,"2005-07-11 10:36:28"
191,7,6295,2.99,"2005-07-11 17:30:58"
192,7,6761,3.99,"2005-07-12 15:17:42"
193,7,8422,5.99,"2005-07-29 07:02:55"
194,7,9624,7.99,"2005-07-31 04:30:03"
195,7,10330,6.99,"2005-08-01 04:57:04"
196,7,10423,5.99,"2005-08-01 08:19:53"
197,7,10514,4.99,"2005-08-01 11:39:26"
198,7,10644,4.99,"2005-08-01 15:52:00"
199,7,10989,3.99,"2005-08-02 04:40:54"
200,7,11542,7.99,"2005-08-17 00:51:32"
201,7,12367,8.99,"2005-08-18 07:57:14"
202,7,12730,2.99,"2005-08-18 21:55:01"
203,7,13373,2.99,"2005-08-19 21:23:31"
204,7,13476,2.99,"2005-08-20 01:06:04"
205,7,13594,0.99,"2005-08-20 05:53:31"
206,7,14222,5.99,"2005-08-21 04:49:48"
207,8,866,6.99,"2005-05-30 03:43:54"
208,8,1305,2.99,"2005-06-15 09:59:16"
209,8,2095,5.99,"2005-06-17 18:21:35"
210,8,3114,4.99,"2005-06-20 17:57:47"
211,8,3475,5.99,"2005-07-05 23:01:21"
212,8,4003,0.99,"2005-07-07 00:09:02"
213,8,4175,2.99,"2005-07-07 10:02:03"
214,8,4409,3.99,"2005-07-07 21:47:29"
215,8,4503,3.99,"2005-07-08 02:17:12"
216,8,5300,2.99,"2005-07-09 15:40:46"
217,8,5341,2.99,"2005-07-09 17:13:23"
218,8,6375,4.99,"2005-07-11 21:39:46"
219,8,6647,0.99,"2005-07-12 10:43:53"
220,8,8809,1.99,"2005-07-29 21:42:49"
221,8,9629,2.99,"2005-07-31 04:54:43"
222,8,10141,0.99,"2005-07-31 22:08:29"
223,8,10561,2.99,"2005-08-01 13:05:35"
224,8,11232,9.99,"2005-08-02 13:04:12"
225,8,11284,2.99,"2005-08-02 14:42:45"
226,8,12613,2.99,"2005-08-18 17:16:01"
227,8,14114,0.99,"2005-08-21 01:07:11"
228,8,15374,7.99,"2005-08-22 22:09:09"
229,8,15764,2.99,"2005-08-23 13:05:10"
230,8,15805,4.99,"2005-08-23 14:31:19"
231,9,350,4.99,"2005-05-27 05:01:28"
232,9,877,0.99,"2005-05-30 05:48:59"
233,9,1075,4.99,"2005-05-31 10:13:34"
234,9,3142,7.99,"2005-06-20 19:59:28"
235,9,3262,4.99,"2005-06-21 04:08:43"
236,9,4454,2.99,"2005-07-07 23:37:00"
237,9,4748,0.99,"2005-07-08 13:59:38"
238,9,4796,1.99,"2005-07-08 16:35:44"
239,9,5659,2.99,"2005-07-10 07:45:40"
240,9,6019,4.99,"2005-07-11 02:08:29"
241,9,6165,5.99,"2005-07-11 10:17:29"
242,9,7616,0.99,"2005-07-28 00:15:26"
243,9,7801,2.99,"2005-07-28 07:51:56"
244,9,9043,4.99,"2005-07-30 06:34:07"
245,9,10451,0.99,"2005-08-01 09:11:25"
246,9,10454,4.99,"2005-08-01 09:14:00"
247,9,11400,5.99,"2005-08-02 19:00:52"
248,9,11556,0.99,"2005-08-17 01:11:53"
249,9,12228,2.99,"2005-08-18 03:08:10"
250,9,12309,2.99,"2005-08-18 05:58:40"
251,9,12652,4.99,"2005-08-18 18:48:58"
252,9,14489,7.99,"2005-08-21 13:53:59"
253,9,15813,4.99,"2006-02-14 15:16:03"
254,10,1140,4.99,"2005-05-31 19:36:30"
255,10,1801,4.99,"2005-06-16 20:21:53"
256,10,1995,4.99,"2005-06-17 11:11:14"
257,10,2222,3.99,"2005-06-18 03:26:23"
258,10,2814,0.99,"2005-06-19 20:01:59"
259,10,2865,0.99,"2005-06-20 00:00:55"
260,10,3790,3.99,"2005-07-06 14:13:45"
261,10,4042,4.99,"2005-07-07 03:06:40"
262,10,4255,1.99,"2005-07-07 14:14:13"
263,10,5038,7.99,"2005-07-09 03:12:52"
264,10,5068,2.99,"2005-07-09 04:53:18"
265,10,5444,0.99,"2005-07-09 21:58:57"
266,10,5905,2.99,"2005-07-10 20:41:09"
267,10,7738,2.99,"2005-07-28 05:21:42"
268,10,8001,6.99,"2005-07-28 15:10:55"
269,10,8188,4.99,"2005-07-28 22:34:12"
270,10,9935,4.99,"2005-07-31 15:27:07"
271,10,10671,8.99,"2005-08-01 17:09:59"
272,10,11289,2.99,"2005-08-02 14:55:00"
273,10,11405,0.99,"2005-08-02 19:13:39"
274,10,12031,2.99,"2005-08-17 20:11:35"
275,10,12400,2.99,"2005-08-18 09:19:12"
276,10,13316,4.99,"2005-08-19 19:23:30"
277,10,13917,2.99,"2005-08-20 16:43:28"
278,10,15370,5.99,"2005-08-22 21:59:29"
279,11,987,6.99,"2005-05-30 22:59:12"
280,11,1470,6.99,"2005-06-15 20:53:07"
281,11,1939,7.99,"2005-06-17 07:26:45"
282,11,3192,0.99,"2005-06-20 23:49:12"
283,11,4608,2.99,"2005-07-08 07:19:11"
284,11,4943,4.99,"2005-07-08 22:43:05"
285,11,5835,5.99,"2005-07-10 16:44:58"
286,11,6146,6.99,"2005-07-11 09:09:59"
287,11,7314,4.99,"2005-07-27 13:13:32"
288,11,8014,4.99,"2005-07-28 15:32:07"
289,11,8100,2.99,"2005-07-28 18:43:11"
290,11,8447,1.99,"2005-07-29 07:38:14"
291,11,8715,0.99,"2005-07-29 17:33:45"
292,11,8950,9.99,"2005-07-30 03:17:13"
293,11,9292,6.99,"2005-07-30 16:08:21"
294,11,10812,4.99,"2005-08-01 22:41:16"
295,11,11166,6.99,"2005-08-02 10:14:58"
296,11,11502,0.99,"2005-08-16 23:06:30"
297,11,12015,5.99,"2005-08-17 19:32:44"
298,11,13572,0.99,"2005-08-20 05:07:27"
299,11,13790,4.99,"2005-08-20 12:17:27"
300,11,15120,0.99,"2005-08-22 12:42:47"
301,11,15240,2.99,"2005-08-22 17:46:41"
302,11,11646,0.99,"2006-02-14 15:16:03"
303,12,988,4.99,"2005-05-30 23:08:03"
304,12,1084,4.99,"2005-05-31 11:10:17"
305,12,1752,5.99,"2005-06-16 17:02:55"
306,12,2434,5.99,"2005-06-18 18:11:51"
307,12,2500,5.99,"2005-06-18 23:07:12"
308,12,2623,4.99,"2005-06-19 08:11:51"
309,12,3135,2.99,"2005-06-20 19:33:52"
310,12,3411,0.99,"2005-06-21 16:31:27"
311,12,3870,3.99,"2005-07-06 17:57:54"
312,12,5071,0.99,"2005-07-09 05:00:39"
313,12,5074,0.99,"2005-07-09 05:06:24"
314,12,5111,0.99,"2005-07-09 07:02:19"
315,12,5242,3.99,"2005-07-09 13:20:25"
316,12,6773,2.99,"2005-07-12 15:55:39"
317,12,7008,0.99,"2005-07-27 01:44:03"
318,12,7279,0.99,"2005-07-27 11:50:47"
319,12,8985,0.99,"2005-07-30 04:34:51"
320,12,9166,4.99,"2005-07-30 11:26:28"
321,12,9238,5.99,"2005-07-30 13:49:43"
322,12,9627,5.99,"2005-07-31 04:42:46"
323,12,9708,5.99,"2005-07-31 07:45:33"
324,12,10392,10.99,"2005-08-01 06:50:26"
325,12,11497,0.99,"2005-08-16 22:52:30"
326,12,12604,4.99,"2005-08-18 16:58:48"
327,12,13519,0.99,"2005-08-20 02:37:07"
328,12,13895,2.99,"2005-08-20 15:58:28"
329,12,14240,4.99,"2005-08-21 05:19:39"
330,12,15993,0.99,"2005-08-23 20:28:44"
331,13,1933,2.99,"2005-06-17 06:54:42"
332,13,2209,4.99,"2005-06-18 02:24:01"
333,13,2952,2.99,"2005-06-20 06:26:57"
334,13,3047,8.99,"2005-06-20 12:45:33"
335,13,3946,2.99,"2005-07-06 21:39:24"
336,13,6118,8.99,"2005-07-11 07:43:08"
337,13,6568,2.99,"2005-07-12 05:45:47"
338,13,6870,0.99,"2005-07-12 20:13:45"
339,13,6897,2.99,"2005-07-12 21:30:41"
340,13,7916,2.99,"2005-07-28 11:49:53"
341,13,8277,2.99,"2005-07-29 01:38:53"
342,13,8831,11.99,"2005-07-29 22:37:41"
343,13,9260,9.99,"2005-07-30 14:38:22"
344,13,9434,0.99,"2005-07-30 21:29:41"
345,13,9664,0.99,"2005-07-31 06:12:08"
346,13,9736,7.99,"2005-07-31 08:58:40"
347,13,10003,4.99,"2005-07-31 17:48:51"
348,13,11292,4.99,"2005-08-02 14:58:41"
349,13,11315,0.99,"2005-08-02 16:05:17"
350,13,11761,5.99,"2005-08-17 09:44:59"
351,13,12918,7.99,"2005-08-19 04:31:36"
352,13,13096,4.99,"2005-08-19 10:49:03"
353,13,13213,0.99,"2005-08-19 15:25:48"
354,13,13456,0.99,"2005-08-20 00:33:19"
355,13,14252,9.99,"2005-08-21 05:44:07"
356,13,14545,7.99,"2005-08-21 15:44:23"
357,13,15338,4.99,"2005-08-22 20:51:24"
358,14,151,0.99,"2005-05-26 00:37:28"
359,14,346,9.99,"2005-05-27 04:34:41"
360,14,525,5.99,"2005-05-28 04:25:33"
361,14,671,2.99,"2005-05-28 22:04:30"
362,14,815,0.99,"2005-05-29 20:24:28"
363,14,1360,4.99,"2005-06-15 13:32:15"
364,14,3707,2.99,"2005-07-06 10:21:49"
365,14,4952,0.99,"2005-07-08 23:00:07"
366,14,5104,0.99,"2005-07-09 06:37:07"
367,14,5317,7.99,"2005-07-09 16:10:25"
368,14,5383,4.99,"2005-07-09 19:14:32"
369,14,5565,7.99,"2005-07-10 03:29:48"
370,14,8035,6.99,"2005-07-28 16:23:01"
371,14,8042,0.99,"2005-07-28 16:45:11"
372,14,8548,3.99,"2005-07-29 11:11:33"
373,14,8836,4.99,"2005-07-29 22:46:08"
374,14,9438,4.99,"2005-07-30 21:36:15"
375,14,9592,2.99,"2005-07-31 03:21:16"
376,14,10348,2.99,"2005-08-01 05:23:00"
377,14,10526,6.99,"2005-08-01 11:55:33"
378,14,11480,4.99,"2005-08-02 22:18:24"
379,14,11528,3.99,"2005-08-17 00:27:23"
380,14,12668,2.99,"2005-08-18 19:16:47"
381,14,13757,4.99,"2005-08-20 11:20:12"
382,14,15015,6.99,"2005-08-22 08:43:50"
383,14,15373,0.99,"2005-08-22 22:08:11"
384,14,16045,0.99,"2005-08-23 22:25:26"
385,14,13780,4.99,"2006-02-14 15:16:03"
386,15,2486,2.99,"2005-06-18 21:26:56"
387,15,2937,5.99,"2005-06-20 05:15:37"
388,15,3182,0.99,"2005-06-20 22:52:18"
389,15,3550,7.99,"2005-07-06 02:29:21"
390,15,4127,5.99,"2005-07-07 07:26:19"
391,15,5717,2.99,"2005-07-10 11:02:03"
392,15,5975,2.99,"2005-07-11 00:14:19"
393,15,7105,4.99,"2005-07-27 05:15:37"
394,15,8193,0.99,"2005-07-28 22:50:50"
395,15,8615,6.99,"2005-07-29 13:36:01"
396,15,8927,4.99,"2005-07-30 02:13:31"
397,15,9987,2.99,"2005-07-31 17:22:35"
398,15,11118,2.99,"2005-08-02 08:44:18"
399,15,11141,2.99,"2005-08-02 09:29:11"
400,15,11307,2.99,"2005-08-02 15:48:08"
401,15,11341,2.99,"2005-08-02 17:09:24"
402,15,11922,7.99,"2005-08-17 16:20:37"
403,15,12272,2.99,"2005-08-18 04:39:10"
404,15,12551,2.99,"2005-08-18 14:46:26"
405,15,12635,2.99,"2005-08-18 18:00:23"
406,15,13339,8.99,"2005-08-19 20:18:36"
407,15,13393,5.99,"2005-08-19 22:03:46"
408,15,13503,5.99,"2005-08-20 02:00:33"
409,15,13541,4.99,"2005-08-20 03:41:41"
410,15,13677,3.99,"2005-08-20 08:34:41"
411,15,14569,0.99,"2005-08-21 16:31:22"
412,15,14776,4.99,"2005-08-21 23:53:35"
413,15,14872,8.99,"2005-08-22 03:23:41"
414,15,15178,0.99,"2005-08-22 15:36:04"
415,15,15897,4.99,"2005-08-23 17:12:31"
416,15,13798,3.98,"2006-02-14 15:16:03"
417,15,13968,0,"2006-02-14 15:16:03"
418,16,335,3.99,"2005-05-27 03:07:10"
419,16,593,2.99,"2005-05-28 13:33:23"
420,16,887,0.99,"2005-05-30 07:10:00"
421,16,1017,2.99,"2005-05-31 02:53:36"
422,16,1934,6.99,"2005-06-17 07:04:57"
423,16,1944,7.99,"2005-06-17 07:50:53"
425,16,2960,7.99,"2005-06-20 07:10:09"
426,16,3348,0.99,"2005-06-21 11:16:42"
427,16,3548,0.99,"2005-07-06 02:23:39"
428,16,4219,2.99,"2005-07-07 12:11:22"
429,16,4263,3.99,"2005-07-07 14:24:44"
430,16,4517,4.99,"2005-07-08 02:45:19"
431,16,6100,4.99,"2005-07-11 06:40:31"
432,16,7489,0.99,"2005-07-27 19:39:38"
433,16,7552,2.99,"2005-07-27 22:03:41"
434,16,8452,5.99,"2005-07-29 07:45:00"
435,16,9158,0.99,"2005-07-30 11:12:03"
436,16,9610,5.99,"2005-07-31 03:54:05"
437,16,10687,2.99,"2005-08-01 17:53:02"
438,16,10727,2.99,"2005-08-01 19:15:08"
439,16,11308,0.99,"2005-08-02 15:50:44"
440,16,12104,2.99,"2005-08-17 22:53:00"
441,16,12358,4.99,"2005-08-18 07:41:43"
442,16,12577,7.99,"2005-08-18 15:39:46"
443,16,13151,4.99,"2005-08-19 13:08:23"
444,16,13391,4.99,"2005-08-19 22:01:42"
445,16,13480,6.99,"2005-08-20 01:10:27"
446,16,14511,8.99,"2005-08-21 14:45:34"
447,17,287,2.99,"2005-05-26 19:44:54"
448,17,580,2.99,"2005-05-28 11:19:53"
449,17,884,4.99,"2005-05-30 06:41:32"
450,17,2175,5.99,"2005-06-18 00:17:58"
451,17,2684,8.99,"2005-06-19 12:29:08"
452,17,3269,5.99,"2005-06-21 05:06:30"
453,17,5714,3.99,"2005-07-10 10:46:57"
454,17,5883,3.99,"2005-07-10 19:25:21"
455,17,6884,1.99,"2005-07-12 20:52:41"
456,17,8076,8.99,"2005-07-28 17:45:58"
457,17,8213,2.99,"2005-07-28 23:37:33"
458,17,9092,8.99,"2005-07-30 08:30:56"
459,17,9138,2.99,"2005-07-30 10:11:52"
460,17,9382,8.99,"2005-07-30 19:23:44"
461,17,9489,0.99,"2005-07-30 23:43:32"
462,17,11990,4.99,"2005-08-17 18:26:22"
463,17,13732,2.99,"2005-08-20 10:24:41"
464,17,14040,2.99,"2005-08-20 21:43:44"
465,17,14326,2.99,"2005-08-21 08:15:41"
466,17,14346,2.99,"2005-08-21 08:42:26"
467,17,15752,5.99,"2005-08-23 12:41:38"
468,18,50,2.99,"2005-05-25 06:44:53"
469,18,116,4.99,"2005-05-25 19:27:51"
470,18,692,4.99,"2005-05-29 01:32:10"
471,18,1451,5.99,"2005-06-15 19:30:18"
472,18,1783,4.99,"2005-06-16 19:23:23"
473,18,2112,5.99,"2005-06-17 19:52:42"
474,18,2990,8.99,"2005-06-20 09:02:51"
475,18,4672,3.99,"2005-07-08 10:15:38"
476,18,4724,3.99,"2005-07-08 12:46:30"
477,18,4923,3.99,"2005-07-08 21:44:39"
478,18,6128,2.99,"2005-07-11 08:15:08"
479,18,6846,0.99,"2005-07-12 19:20:45"
480,18,8122,2.99,"2005-07-28 19:27:37"
481,18,8555,4.99,"2005-07-29 11:18:01"
482,18,9036,4.99,"2005-07-30 06:18:38"
483,18,9114,4.99,"2005-07-30 09:13:21"
484,18,10682,4.99,"2005-08-01 17:32:53"
485,18,10721,1.99,"2005-08-01 19:05:18"
486,18,11094,4.99,"2005-08-02 08:03:02"
487,18,11439,4.99,"2005-08-02 20:22:45"
488,18,12333,0.99,"2005-08-18 06:51:39"
489,18,13490,0.99,"2005-08-20 01:29:29"
490,19,18,0.99,"2005-05-25 01:10:47"
491,19,110,9.99,"2005-05-25 18:43:49"
492,19,179,6.99,"2005-05-26 04:26:06"
493,19,337,2.99,"2005-05-27 03:22:30"
494,19,591,2.99,"2005-05-28 13:11:04"
495,19,696,2.99,"2005-05-29 01:59:10"
496,19,2657,2.99,"2005-06-19 10:42:59"
497,19,2848,2.99,"2005-06-19 22:55:37"
498,19,3423,2.99,"2005-06-21 17:38:02"
499,19,3549,4.99,"2005-07-06 02:24:55"
500,19,6495,4.99,"2005-07-12 02:57:02"
501,19,9157,5.99,"2005-07-30 11:06:23"
502,19,9256,0.99,"2005-07-30 14:29:29"
503,19,10077,9.99,"2005-07-31 20:01:06"
504,19,10176,7.99,"2005-07-31 23:40:35"
505,19,11508,8.99,"2005-08-16 23:27:36"
506,19,11869,5.99,"2005-08-17 14:10:22"
507,19,12211,9.99,"2005-08-18 02:31:18"
508,19,12357,2.99,"2005-08-18 07:40:52"
509,19,13718,8.99,"2005-08-20 09:53:44"
510,19,13804,8.99,"2005-08-20 12:46:32"
511,19,14101,4.99,"2005-08-21 00:33:03"
512,19,15047,2.99,"2005-08-22 09:57:16"
513,19,15529,0.99,"2005-08-23 03:46:47"
514,20,202,2.99,"2005-05-26 07:27:36"
515,20,497,6.99,"2005-05-28 00:54:39"
516,20,546,1.99,"2005-05-28 07:16:25"
517,20,1558,0.99,"2005-06-16 02:33:53"
518,20,2136,3.99,"2005-06-17 21:16:41"
519,20,2343,4.99,"2005-06-18 11:46:26"
520,20,3350,4.99,"2005-06-21 11:21:38"
521,20,4011,3.99,"2005-07-07 00:48:25"
522,20,4407,2.99,"2005-07-07 21:39:45"
523,20,5718,2.99,"2005-07-10 11:03:20"
524,20,6254,2.99,"2005-07-11 15:10:18"
525,20,6267,6.99,"2005-07-11 15:53:00"
526,20,7217,4.99,"2005-07-27 09:31:44"
527,20,7864,5.99,"2005-07-28 10:06:10"
528,20,8127,2.99,"2005-07-28 19:45:19"
529,20,9075,4.99,"2005-07-30 07:55:14"
530,20,9468,3.99,"2005-07-30 22:53:52"
531,20,10284,4.99,"2005-08-01 03:33:19"
532,20,10616,7.99,"2005-08-01 14:59:50"
533,20,10954,1.99,"2005-08-02 03:30:24"
534,20,11821,0.99,"2005-08-17 12:27:55"
535,20,12180,0.99,"2005-08-18 01:28:15"
536,20,13036,4.99,"2005-08-19 08:48:37"
537,20,13137,4.99,"2005-08-19 12:26:32"
538,20,13317,2.99,"2005-08-19 19:25:42"
539,20,14613,2.99,"2005-08-21 18:03:20"
540,20,15057,6.99,"2005-08-22 10:19:58"
541,20,15161,1.99,"2005-08-22 14:37:22"
542,20,15248,0.99,"2005-08-22 17:53:06"
543,20,15460,2.99,"2005-08-23 01:10:42"
544,21,260,3.99,"2005-05-26 15:42:20"
545,21,463,3.99,"2005-05-27 20:11:47"
546,21,570,0.99,"2005-05-28 10:15:04"
547,21,2235,7.99,"2005-06-18 04:08:50"
548,21,2268,4.99,"2005-06-18 06:13:41"
549,21,2393,2.99,"2005-06-18 15:37:55"
550,21,2830,4.99,"2005-06-19 21:14:33"
551,21,3212,10.99,"2005-06-21 01:04:35"
552,21,5107,4.99,"2005-07-09 06:42:32"
553,21,5772,3.99,"2005-07-10 13:27:40"
554,21,5961,2.99,"2005-07-10 23:43:23"
555,21,6943,1.99,"2005-07-26 23:28:13"
556,21,7994,0.99,"2005-07-28 14:56:54"
557,21,8196,6.99,"2005-07-28 22:56:11"
558,21,8862,2.99,"2005-07-29 23:49:23"
559,21,9149,0.99,"2005-07-30 10:45:12"
560,21,9699,5.99,"2005-07-31 07:29:25"
561,21,10570,4.99,"2005-08-01 13:23:06"
562,21,10734,0.99,"2005-08-01 19:28:47"
563,21,11072,0.99,"2005-08-02 07:10:57"
564,21,11970,0.99,"2005-08-17 17:53:09"
565,21,12131,2.99,"2005-08-17 23:34:16"
566,21,12660,4.99,"2005-08-18 19:07:23"
567,21,12774,6.99,"2005-08-18 23:34:22"
568,21,13381,2.99,"2005-08-19 21:37:57"
569,21,13399,4.99,"2005-08-19 22:09:28"
570,21,13411,4.99,"2005-08-19 22:43:38"
571,21,13463,8.99,"2005-08-20 00:50:54"
572,21,13699,9.99,"2005-08-20 09:26:14"
573,21,13740,4.99,"2005-08-20 10:48:43"
574,21,14077,8.99,"2005-08-20 23:24:07"
575,21,14161,2.99,"2005-08-21 02:51:59"
576,21,14446,2.99,"2005-08-21 12:10:41"
577,21,14869,4.99,"2005-08-22 03:20:26"
578,21,14933,2.99,"2006-02-14 15:16:03"
579,22,370,4.99,"2005-05-27 07:49:43"
580,22,556,4.99,"2005-05-28 08:31:36"
581,22,820,8.99,"2005-05-29 21:07:22"
582,22,3419,2.99,"2005-06-21 17:18:01"
583,22,4215,2.99,"2005-07-07 12:00:52"
584,22,5294,6.99,"2005-07-09 15:23:42"
585,22,5815,2.99,"2005-07-10 15:48:19"
586,22,7087,4.99,"2005-07-27 04:42:08"
587,22,7705,7.99,"2005-07-28 04:02:58"
588,22,9410,0.99,"2005-07-30 20:38:05"
589,22,9580,4.99,"2005-07-31 03:01:11"
590,22,12023,5.99,"2005-08-17 19:54:54"
591,22,12124,2.99,"2005-08-17 23:22:46"
592,22,12809,0.99,"2005-08-19 00:42:24"
593,22,13060,9.99,"2005-08-19 09:43:25"
594,22,14056,2.99,"2005-08-20 22:18:53"
595,22,14564,6.99,"2005-08-21 16:24:43"
596,22,15134,7.99,"2005-08-22 13:18:25"
597,22,15589,6.99,"2005-08-23 06:03:31"
598,22,15658,4.99,"2005-08-23 08:48:43"
599,22,15793,4.99,"2005-08-23 14:06:19"
600,22,12222,4.99,"2006-02-14 15:16:03"
601,23,129,8.99,"2005-05-25 21:20:03"
602,23,654,2.99,"2005-05-28 20:15:30"
603,23,1090,0.99,"2005-05-31 12:03:44"
604,23,2753,1.99,"2005-06-19 16:44:35"
605,23,2827,0.99,"2005-06-19 20:50:01"
606,23,3015,5.99,"2005-06-20 10:48:56"
607,23,3055,4.99,"2005-06-20 13:19:58"
608,23,3461,2.99,"2005-06-21 21:49:18"
609,23,3736,3.99,"2005-07-06 11:43:44"
610,23,3781,2.99,"2005-07-06 13:53:41"
611,23,4853,2.99,"2005-07-08 18:43:18"
612,23,6213,2.99,"2005-07-11 12:43:07"
613,23,6238,2.99,"2005-07-11 14:20:18"
614,23,6917,5.99,"2005-07-12 22:30:15"
615,23,7155,7.99,"2005-07-27 07:18:46"
616,23,8015,2.99,"2005-07-28 15:33:03"
617,23,8718,0.99,"2005-07-29 17:41:14"
618,23,9209,5.99,"2005-07-30 12:55:36"
619,23,9255,9.99,"2005-07-30 14:26:46"
620,23,9718,3.99,"2005-07-31 08:25:03"
621,23,10132,6.99,"2005-07-31 21:50:24"
622,23,10898,2.99,"2005-08-02 01:29:57"
623,23,11501,2.99,"2005-08-16 23:04:53"
624,23,13290,2.99,"2005-08-19 18:31:50"
625,23,13331,4.99,"2005-08-19 20:00:25"
626,23,13429,6.99,"2005-08-19 23:25:37"
627,23,13511,0.99,"2005-08-20 02:21:40"
628,23,13557,0.99,"2005-08-20 04:12:41"
629,23,14482,2.99,"2005-08-21 13:42:45"
630,23,15532,2.99,"2006-02-14 15:16:03"
631,24,1007,6.99,"2005-05-31 01:02:28"
632,24,1077,2.99,"2005-05-31 10:22:54"
633,24,1716,2.99,"2005-06-16 14:39:31"
634,24,2070,2.99,"2005-06-17 16:27:51"
635,24,2116,4.99,"2005-06-17 20:16:12"
636,24,2451,5.99,"2005-06-18 19:28:02"
637,24,2963,7.99,"2005-06-20 07:33:09"
638,24,3649,7.99,"2005-07-06 07:32:42"
639,24,4378,2.99,"2005-07-07 20:29:08"
640,24,5310,0.99,"2005-07-09 16:00:34"
641,24,5648,0.99,"2005-07-10 07:09:21"
642,24,6855,4.99,"2005-07-12 19:46:29"
643,24,7266,1.99,"2005-07-27 11:22:17"
644,24,8947,4.99,"2005-07-30 03:15:37"
645,24,9723,0.99,"2005-07-31 08:31:18"
646,24,9925,0.99,"2005-07-31 15:08:47"
647,24,10491,2.99,"2005-08-01 10:38:27"
648,24,11209,2.99,"2005-08-02 12:09:45"
649,24,11546,2.99,"2005-08-17 00:57:36"
650,24,12165,8.99,"2005-08-18 00:53:37"
651,24,12745,2.99,"2005-08-18 22:22:45"
652,24,12999,1.99,"2005-08-19 07:34:53"
653,24,13058,4.99,"2005-08-19 09:40:53"
654,24,13247,0.99,"2005-08-19 16:45:59"
655,24,15357,4.99,"2005-08-22 21:28:59"
656,25,90,7.99,"2005-05-25 14:31:25"
657,25,1033,2.99,"2005-05-31 04:50:07"
658,25,1338,4.99,"2005-06-15 12:17:34"
659,25,1365,2.99,"2005-06-15 14:09:55"
660,25,1754,6.99,"2005-06-16 17:13:23"
661,25,2625,8.99,"2005-06-19 08:23:11"
662,25,2901,4.99,"2005-06-20 02:41:28"
663,25,3447,4.99,"2005-06-21 20:53:31"
664,25,4282,2.99,"2005-07-07 15:26:31"
665,25,4319,0.99,"2005-07-07 17:50:27"
666,25,4404,2.99,"2005-07-07 21:31:53"
667,25,5881,2.99,"2005-07-10 19:19:43"
668,25,6653,4.99,"2005-07-12 11:06:17"
669,25,6905,2.99,"2005-07-12 22:02:18"
670,25,8667,2.99,"2005-07-29 15:40:57"
671,25,8878,0.99,"2005-07-30 00:15:57"
672,25,9140,8.99,"2005-07-30 10:12:01"
673,25,9334,2.99,"2005-07-30 17:56:38"
674,25,9922,2.99,"2005-07-31 14:59:37"
675,25,10103,2.99,"2005-07-31 20:49:13"
676,25,10324,5.99,"2005-08-01 04:49:06"
677,25,10860,2.99,"2005-08-02 00:12:32"
678,25,10916,2.99,"2005-08-02 02:05:59"
679,25,11642,0.99,"2005-08-17 04:48:05"
680,25,12922,0.99,"2005-08-19 04:48:48"
681,25,14193,4.99,"2005-08-21 03:38:27"
682,25,14236,4.99,"2005-08-21 05:13:16"
683,25,15512,0.99,"2005-08-23 02:57:30"
684,25,15972,5.99,"2005-08-23 20:00:30"
685,26,796,2.99,"2005-05-29 16:59:44"
686,26,1105,2.99,"2005-05-31 14:33:56"
687,26,1440,5.99,"2005-06-15 18:53:14"
688,26,1706,4.99,"2005-06-16 14:01:02"
689,26,2093,9.99,"2005-06-17 18:14:08"
690,26,2416,3.99,"2005-06-18 17:07:34"
691,26,2421,6.99,"2005-06-18 17:25:05"
692,26,2532,4.99,"2005-06-19 01:27:46"
693,26,2745,4.99,"2005-06-19 16:21:19"
694,26,4065,2.99,"2005-07-07 04:32:28"
695,26,4274,4.99,"2005-07-07 14:42:04"
696,26,4382,4.99,"2005-07-07 20:41:03"
697,26,4402,0.99,"2005-07-07 21:28:46"
698,26,4431,6.99,"2005-07-07 22:39:02"
699,26,4536,3.99,"2005-07-08 03:43:22"
700,26,4641,6.99,"2005-07-08 09:09:46"
701,26,5437,2.99,"2005-07-09 21:32:29"
702,26,6149,1.99,"2005-07-11 09:19:31"
703,26,6243,2.99,"2005-07-11 14:53:25"
704,26,7328,0.99,"2005-07-27 13:55:18"
705,26,8241,4.99,"2005-07-29 00:33:36"
706,26,9484,0.99,"2005-07-30 23:31:40"
707,26,10386,3.99,"2005-08-01 06:42:20"
708,26,10996,3.99,"2005-08-02 04:48:11"
709,26,11314,2.99,"2005-08-02 16:04:08"
710,26,11338,0.99,"2005-08-02 17:00:12"
711,26,11744,5.99,"2005-08-17 08:54:30"
712,26,13111,4.99,"2005-08-19 11:25:10"
713,26,14183,4.99,"2005-08-21 03:24:29"
714,26,14192,8.99,"2005-08-21 03:37:42"
715,26,14603,1.99,"2005-08-21 17:51:06"
716,26,14677,7.99,"2005-08-21 20:12:30"
717,26,15384,2.99,"2005-08-22 22:34:44"
718,26,15722,7.99,"2005-08-23 11:16:29"
719,27,787,2.99,"2005-05-29 16:03:03"
720,27,1310,4.99,"2005-06-15 10:11:42"
721,27,1480,4.99,"2005-06-15 21:17:17"
722,27,1699,2.99,"2005-06-16 13:05:09"
723,27,1960,3.99,"2005-06-17 08:59:57"
724,27,2512,2.99,"2005-06-18 23:48:47"
725,27,2815,4.99,"2005-06-19 20:03:29"
726,27,3038,1.99,"2005-06-20 12:28:59"
727,27,3420,3.99,"2005-06-21 17:22:36"
728,27,4038,0.99,"2005-07-07 02:52:53"
729,27,4510,5.99,"2005-07-08 02:34:51"
730,27,5552,0.99,"2005-07-10 03:01:19"
731,27,5736,4.99,"2005-07-10 11:45:48"
732,27,6115,0.99,"2005-07-11 07:36:50"
733,27,6562,5.99,"2005-07-12 05:26:26"
734,27,6658,4.99,"2005-07-12 11:13:21"
735,27,7927,1.99,"2005-07-28 12:13:42"
736,27,9244,0.99,"2005-07-30 14:06:53"
737,27,9636,5.99,"2005-07-31 05:12:59"
738,27,9673,7.99,"2005-07-31 06:34:55"
739,27,9908,4.99,"2005-07-31 14:39:52"
740,27,10794,7.99,"2005-08-01 21:51:15"
741,27,10852,4.99,"2005-08-02 00:00:33"
742,27,11234,0.99,"2005-08-02 13:12:17"
743,27,11661,8.99,"2005-08-17 05:25:57"
744,27,11740,6.99,"2005-08-17 08:48:31"
745,27,12021,5.99,"2005-08-17 19:52:43"
746,27,12461,0.99,"2005-08-18 11:28:14"
747,27,12531,2.99,"2005-08-18 13:57:50"
748,27,13816,4.99,"2005-08-20 13:13:56"
749,27,15048,0.99,"2005-08-22 10:00:04"
750,28,388,2.99,"2005-05-27 10:37:27"
751,28,868,2.99,"2005-05-30 04:19:55"
752,28,1240,2.99,"2005-06-15 04:58:07"
753,28,1543,4.99,"2005-06-16 01:24:08"
754,28,2299,3.99,"2005-06-18 08:18:52"
755,28,2604,0.99,"2005-06-19 06:30:10"
756,28,3231,0.99,"2005-06-21 02:25:00"
757,28,3845,0.99,"2005-07-06 16:38:14"
758,28,4704,0.99,"2005-07-08 11:45:35"
759,28,4951,4.99,"2005-07-08 22:58:21"
760,28,5653,2.99,"2005-07-10 07:21:27"
761,28,5817,5.99,"2005-07-10 15:49:12"
762,28,6032,0.99,"2005-07-11 02:49:01"
763,28,6476,0.99,"2005-07-12 01:37:48"
764,28,7580,9.99,"2005-07-27 23:07:40"
765,28,8464,4.99,"2005-07-29 08:18:20"
766,28,8901,2.99,"2005-07-30 01:07:12"
767,28,9544,2.99,"2005-07-31 01:44:51"
768,28,9593,4.99,"2005-07-31 03:22:30"
769,28,9705,4.99,"2005-07-31 07:40:33"
770,28,10116,2.99,"2005-07-31 21:14:02"
771,28,10294,6.99,"2005-08-01 03:48:12"
772,28,11444,2.99,"2005-08-02 20:32:55"
773,28,11856,3.99,"2005-08-17 13:44:49"
774,28,12190,2.99,"2005-08-18 01:54:44"
775,28,12359,0.99,"2005-08-18 07:44:05"
776,28,12708,2.99,"2005-08-18 20:59:17"
777,28,13783,4.99,"2005-08-20 12:11:03"
778,28,14540,2.99,"2005-08-21 15:34:23"
779,28,15445,4.99,"2005-08-23 00:48:29"
780,28,15491,2.99,"2005-08-23 02:08:40"
781,28,12938,2.99,"2006-02-14 15:16:03"
782,29,194,1.99,"2005-05-26 06:52:33"
783,29,2655,0.99,"2005-06-19 10:38:42"
784,29,2673,0.99,"2005-06-19 11:42:20"
785,29,2701,7.99,"2005-06-19 13:33:06"
786,29,2735,2.99,"2005-06-19 15:42:07"
787,29,2801,2.99,"2005-06-19 19:18:09"
788,29,2923,2.99,"2005-06-20 04:16:07"
789,29,3324,2.99,"2005-06-21 08:49:16"
790,29,4262,6.99,"2005-07-07 14:24:30"
791,29,4313,0.99,"2005-07-07 17:36:56"
792,29,4535,0.99,"2005-07-08 03:40:46"
793,29,5442,10.99,"2005-07-09 21:55:19"
794,29,5857,1.99,"2005-07-10 17:59:29"
795,29,7237,3.99,"2005-07-27 10:12:36"
796,29,7451,6.99,"2005-07-27 18:18:41"
797,29,7453,0.99,"2005-07-27 18:27:13"
798,29,8673,2.99,"2005-07-29 15:50:14"
799,29,9392,4.99,"2005-07-30 19:50:13"
800,29,9946,4.99,"2005-07-31 15:48:54"
801,29,10543,5.99,"2005-08-01 12:36:09"
802,29,10899,1.99,"2005-08-02 01:30:21"
803,29,11079,4.99,"2005-08-02 07:29:10"
804,29,11962,2.99,"2005-08-17 17:34:38"
805,29,12488,4.99,"2005-08-18 12:48:22"
806,29,12508,2.99,"2005-08-18 13:20:13"
807,29,12569,6.99,"2005-08-18 15:20:46"
808,29,12615,6.99,"2005-08-18 17:16:07"
809,29,13173,2.99,"2005-08-19 13:50:36"
810,29,13436,0.99,"2005-08-19 23:36:25"
811,29,13777,2.99,"2005-08-20 12:03:35"
812,29,13832,3.99,"2005-08-20 14:00:25"
813,29,14174,0.99,"2005-08-21 03:01:45"
814,29,14703,4.99,"2005-08-21 21:01:19"
815,29,14985,7.99,"2005-08-22 07:35:56"
816,29,14997,5.99,"2005-08-22 07:53:00"
817,29,15577,0.99,"2006-02-14 15:16:03"
818,30,1874,1.99,"2005-06-17 02:39:20"
819,30,1895,2.99,"2005-06-17 04:25:12"
820,30,2154,4.99,"2005-06-17 22:59:42"
821,30,2730,2.99,"2005-06-19 15:10:09"
822,30,3964,4.99,"2005-07-06 22:23:02"
823,30,4471,2.99,"2005-07-08 00:21:29"
824,30,4642,2.99,"2005-07-08 09:13:28"
825,30,5028,5.99,"2005-07-09 02:34:45"
826,30,5108,9.99,"2005-07-09 06:44:30"
827,30,5289,0.99,"2005-07-09 15:14:08"
828,30,5972,7.99,"2005-07-11 00:08:54"
829,30,6249,0.99,"2005-07-11 15:02:02"
830,30,6359,2.99,"2005-07-11 21:06:17"
831,30,7394,2.99,"2005-07-27 16:03:08"
832,30,7769,4.99,"2005-07-28 06:45:23"
833,30,8030,4.99,"2005-07-28 16:12:53"
834,30,8038,4.99,"2005-07-28 16:32:55"
835,30,8083,4.99,"2005-07-28 18:09:48"
836,30,8641,2.99,"2005-07-29 14:37:30"
837,30,9309,2.99,"2005-07-30 16:55:53"
838,30,9551,0.99,"2005-07-31 02:04:58"
839,30,9641,0.99,"2005-07-31 05:33:48"
840,30,9998,2.99,"2005-07-31 17:40:35"
841,30,10235,6.99,"2005-08-01 01:57:48"
842,30,12240,2.99,"2005-08-18 03:27:11"
843,30,12546,2.99,"2005-08-18 14:29:37"
844,30,12758,0.99,"2005-08-18 22:58:34"
845,30,13435,0.99,"2005-08-19 23:35:44"
846,30,13682,4.99,"2005-08-20 08:50:39"
847,30,14339,0.99,"2005-08-21 08:37:15"
848,30,14585,2.99,"2005-08-21 17:18:33"
849,30,15063,4.99,"2005-08-22 10:39:51"
850,30,15544,4.99,"2005-08-23 04:17:56"
851,30,15829,2.99,"2005-08-23 15:17:14"
852,31,1656,4.99,"2005-06-16 10:05:40"
853,31,1838,1.99,"2005-06-16 23:20:16"
854,31,2233,0.99,"2005-06-18 03:57:36"
855,31,2341,6.99,"2005-06-18 11:35:30"
856,31,2396,7.99,"2005-06-18 15:49:48"
857,31,2438,0.99,"2005-06-18 18:34:21"
858,31,2530,0.99,"2005-06-19 01:20:00"
859,31,2648,4.99,"2005-06-19 10:06:20"
860,31,3117,2.99,"2005-06-20 18:05:15"
861,31,3172,1.99,"2005-06-20 22:19:25"
862,31,3205,0.99,"2005-06-21 00:38:47"
863,31,3701,4.99,"2005-07-06 10:12:45"
864,31,3967,4.99,"2005-07-06 22:45:10"
865,31,4122,6.99,"2005-07-07 07:15:35"
866,31,4738,9.99,"2005-07-08 13:24:58"
867,31,6208,3.99,"2005-07-11 12:34:56"
868,31,6580,4.99,"2005-07-12 06:26:10"
869,31,7000,1.99,"2005-07-27 01:23:24"
870,31,7138,3.99,"2005-07-27 06:47:13"
871,31,7178,2.99,"2005-07-27 08:09:25"
872,31,7464,2.99,"2005-07-27 18:49:42"
873,31,8997,0.99,"2005-07-30 04:53:56"
874,31,12085,4.99,"2005-08-17 22:17:09"
875,31,12377,0.99,"2005-08-18 08:26:05"
876,31,15682,6.99,"2005-08-23 09:37:34"
877,31,15816,6.99,"2005-08-23 14:58:06"
878,32,483,4.99,"2005-05-27 23:00:25"
879,32,803,4.99,"2005-05-29 17:52:30"
880,32,1067,4.99,"2005-05-31 09:12:13"
881,32,1887,6.99,"2005-06-17 03:53:18"
882,32,2160,0.99,"2005-06-17 23:39:11"
883,32,2624,5.99,"2005-06-19 08:22:09"
884,32,2891,1.99,"2005-06-20 02:02:05"
885,32,3500,2.99,"2005-07-06 00:11:13"
886,32,4434,2.99,"2005-07-07 22:48:34"
887,32,4771,2.99,"2005-07-08 15:33:32"
888,32,4899,0.99,"2005-07-08 20:37:11"
889,32,5307,9.99,"2005-07-09 15:57:15"
890,32,5767,0.99,"2005-07-10 13:13:18"
891,32,5954,2.99,"2005-07-10 23:22:01"
892,32,6122,3.99,"2005-07-11 07:58:07"
893,32,6450,2.99,"2005-07-12 00:49:05"
894,32,7084,6.99,"2005-07-27 04:34:07"
895,32,7589,5.99,"2005-07-27 23:23:36"
896,32,7793,2.99,"2005-07-28 07:26:14"
897,32,8390,5.99,"2005-07-29 05:52:26"
898,32,8453,2.99,"2005-07-29 07:46:29"
899,32,8914,2.99,"2005-07-30 01:42:03"
900,32,11135,4.99,"2005-08-02 09:22:25"
901,32,11831,4.99,"2005-08-17 12:54:47"
902,32,12414,9.99,"2005-08-18 09:50:40"
903,32,13736,8.99,"2005-08-20 10:31:23"
904,32,13931,1.99,"2005-08-20 17:16:10"
905,32,14075,0.99,"2005-08-20 23:18:54"
906,32,14570,5.99,"2005-08-21 16:32:32"
907,33,165,2.99,"2005-05-26 02:28:36"
908,33,1301,10.99,"2005-06-15 09:46:33"
909,33,3173,8.99,"2005-06-20 22:21:10"
910,33,4095,5.99,"2005-07-07 06:01:48"
911,33,5421,0.99,"2005-07-09 20:49:12"
912,33,5723,4.99,"2005-07-10 11:14:48"
913,33,6280,0.99,"2005-07-11 16:36:17"
914,33,7992,4.99,"2005-07-28 14:53:06"
915,33,9040,4.99,"2005-07-30 06:31:45"
916,33,9085,4.99,"2005-07-30 08:17:24"
917,33,9254,1.99,"2005-07-30 14:26:11"
918,33,10335,2.99,"2005-08-01 04:59:30"
919,33,10870,4.99,"2005-08-02 00:27:12"
920,33,13241,7.99,"2005-08-19 16:25:00"
921,33,13858,2.99,"2005-08-20 14:50:57"
922,33,13958,7.99,"2005-08-20 18:11:44"
923,33,14002,0.99,"2005-08-20 20:12:19"
924,33,14623,0.99,"2005-08-21 18:29:13"
925,33,15096,5.99,"2005-08-22 11:43:04"
926,33,15115,2.99,"2005-08-22 12:28:01"
927,33,12277,0.99,"2006-02-14 15:16:03"
928,34,1900,4.99,"2005-06-17 04:29:58"
929,34,2257,5.99,"2005-06-18 05:29:52"
930,34,3150,0.99,"2005-06-20 20:35:28"
931,34,3508,3.99,"2005-07-06 00:24:25"
932,34,3911,2.99,"2005-07-06 20:09:11"
933,34,5188,4.99,"2005-07-09 10:22:31"
934,34,5643,4.99,"2005-07-10 06:49:00"
935,34,5918,5.99,"2005-07-10 21:32:06"
936,34,7015,2.99,"2005-07-27 02:15:01"
937,34,7124,2.99,"2005-07-27 06:09:30"
938,34,7532,0.99,"2005-07-27 21:20:52"
939,34,9160,3.99,"2005-07-30 11:17:33"
940,34,10523,0.99,"2005-08-01 11:52:32"
941,34,10615,4.99,"2005-08-01 14:58:14"
942,34,11096,0.99,"2005-08-02 08:05:19"
943,34,11505,2.99,"2005-08-16 23:18:47"
944,34,11701,4.99,"2005-08-17 07:15:47"
945,34,12286,2.99,"2005-08-18 04:57:59"
946,34,12599,2.99,"2005-08-18 16:42:45"
947,34,12651,0.99,"2005-08-18 18:36:16"
948,34,13371,4.99,"2005-08-19 21:21:47"
949,34,13949,2.99,"2005-08-20 17:55:13"
950,34,14686,5.99,"2005-08-21 20:32:08"
951,34,14701,7.99,"2005-08-21 20:54:32"
952,35,47,3.99,"2005-05-25 06:05:20"
953,35,424,6.99,"2005-05-27 15:34:01"
954,35,1579,0.99,"2005-06-16 04:09:08"
955,35,1989,2.99,"2005-06-17 10:47:24"
956,35,2229,4.99,"2005-06-18 03:50:18"
957,35,2231,0.99,"2005-06-18 03:52:14"
958,35,2743,2.99,"2005-06-19 16:15:56"
959,35,3112,4.99,"2005-06-20 17:53:30"
960,35,3597,2.99,"2005-07-06 05:03:59"
961,35,4098,4.99,"2005-07-07 06:14:51"
962,35,4990,0.99,"2005-07-09 00:48:49"
963,35,5013,2.99,"2005-07-09 01:46:45"
964,35,5323,0.99,"2005-07-09 16:34:07"
965,35,5916,5.99,"2005-07-10 21:26:31"
966,35,5963,0.99,"2005-07-10 23:47:08"
967,35,6147,5.99,"2005-07-11 09:13:08"
968,35,6401,4.99,"2005-07-11 22:44:34"
969,35,6565,4.99,"2005-07-12 05:39:50"
970,35,6572,4.99,"2005-07-12 05:56:38"
971,35,7140,4.99,"2005-07-27 06:54:12"
972,35,8822,6.99,"2005-07-29 22:20:21"
973,35,8971,5.99,"2005-07-30 04:03:58"
974,35,9033,2.99,"2005-07-30 06:07:42"
975,35,9579,6.99,"2005-07-31 02:59:20"
976,35,11298,1.99,"2005-08-02 15:32:32"
977,35,11452,7.99,"2005-08-02 20:59:52"
978,35,11645,4.99,"2005-08-17 04:50:56"
979,35,12055,4.99,"2005-08-17 21:02:19"
980,35,13735,2.99,"2005-08-20 10:31:01"
981,35,14110,0.99,"2005-08-21 00:53:09"
982,35,14124,2.99,"2005-08-21 01:31:51"
983,35,14735,4.99,"2005-08-21 22:25:09"
984,36,349,0.99,"2005-05-27 04:53:11"
985,36,716,0.99,"2005-05-29 04:35:29"
986,36,2741,0.99,"2005-06-19 16:05:41"
987,36,4135,0.99,"2005-07-07 08:15:03"
988,36,4560,4.99,"2005-07-08 04:58:48"
989,36,4762,4.99,"2005-07-08 14:54:42"
990,36,5403,0.99,"2005-07-09 20:07:09"
991,36,6030,0.99,"2005-07-11 02:37:51"
992,36,7205,6.99,"2005-07-27 09:06:13"
993,36,7647,0.99,"2005-07-28 01:35:17"
994,36,7919,6.99,"2005-07-28 11:59:45"
995,36,8099,0.99,"2005-07-28 18:35:12"
996,36,8391,2.99,"2005-07-29 05:52:50"
997,36,8952,4.99,"2005-07-30 03:20:38"
998,36,9369,2.99,"2005-07-30 18:52:19"
999,36,9805,0.99,"2005-07-31 11:11:10"
1000,36,10525,2.99,"2005-08-01 11:53:17"
1001,36,10761,2.99,"2005-08-01 20:25:35"
